run_id,zone,event,weather,attendance,current_density_ratio,flow_rate_ratio,queue_length,blocked_route,future_density_10min_ratio
1,GS_A,PRACTICE,rain,100000,0.6687,0.1282,850.39,0,0.715
1,GS_B,EXIT_RUSH,rain,100000,0.8826,0.9821,1093.59,0,1.0616
1,GS_C,EXIT_RUSH,sunny,120000,0.3995,1.1621,414.95,0,0.5682
1,FAN_ZONE,LUNCH,cloudy,120000,0.6942,0.7983,1152.92,0,0.8253
1,FOOD_N,QUALIFYING,sunny,100000,0.7403,0.9591,258.09,0,0.859
1,FOOD_S,LUNCH,rain,60000,0.6239,0.9138,1254.35,0,0.776
1,MERCH,RACE,heavy_rain,120000,0.877,0.1995,609.1,0,0.9329
1,PIT_WALK,PIT_LANE_WALK,heavy_rain,80000,0.2718,1.0416,728.16,0,0.4404
2,GS_A,RACE,rain,150000,0.9154,0.455,167.22,0,0.9739
2,GS_B,LUNCH,sunny,150000,0.5575,0.5378,1043.45,0,0.6576
2,GS_C,LUNCH,rain,120000,0.8775,0.8295,1278.31,0,1.0218
2,FAN_ZONE,PODIUM,rain,100000,0.2131,0.5238,1267.51,0,0.3315
2,FOOD_N,RACE,cloudy,60000,0.9495,0.5868,61.16,0,1.0116
2,FOOD_S,LUNCH,cloudy,80000,0.5203,1.0166,1474.89,1,0.8028
2,MERCH,EXIT_RUSH,heavy_rain,120000,0.2236,0.4265,1446.89,1,0.4872
2,PIT_WALK,LUNCH,heavy_rain,100000,0.5729,1.1982,288.36,1,0.8539
3,GS_A,PIT_LANE_WALK,heavy_rain,100000,0.7007,1.1801,1205.14,0,0.8975
3,GS_B,PIT_LANE_WALK,sunny,100000,0.865,1.1306,480.23,0,1.0175
3,GS_C,RACE,cloudy,150000,0.831,1.1849,370.34,0,0.9622
3,FAN_ZONE,EXIT_RUSH,cloudy,150000,0.7021,0.6889,157.21,0,0.8173
3,FOOD_N,EXIT_RUSH,sunny,150000,0.7979,0.3464,403.7,1,1.0047
3,FOOD_S,LUNCH,sunny,150000,0.4722,0.7502,96.99,1,0.6851
3,MERCH,PODIUM,cloudy,100000,0.6527,1.0854,714.94,0,0.8043
3,PIT_WALK,PODIUM,sunny,120000,0.1556,0.8908,854.63,1,0.4103
4,GS_A,LUNCH,heavy_rain,150000,0.6986,1.137,1479.31,0,0.8893
4,GS_B,EXIT_RUSH,heavy_rain,150000,0.6926,0.4351,348.85,0,0.8042
4,GS_C,RACE,sunny,150000,0.9332,0.7456,1294.1,0,1.0465
4,FAN_ZONE,RACE,heavy_rain,80000,0.2017,1.1751,920.78,0,0.3645
4,FOOD_N,LUNCH,cloudy,120000,0.3115,0.7617,1138.23,0,0.4384
4,FOOD_S,QUALIFYING,heavy_rain,120000,0.7194,0.465,141.24,1,0.9227
4,MERCH,PRACTICE,rain,80000,0.692,0.2524,514.94,0,0.7406
4,PIT_WALK,LUNCH,rain,80000,0.7012,1.067,749.52,1,0.9734
5,GS_A,PIT_LANE_WALK,heavy_rain,150000,0.2926,1.1842,949.51,0,0.4821
5,GS_B,RACE,sunny,60000,0.3191,1.0672,91.35,0,0.4286
5,GS_C,PRACTICE,rain,100000,0.2432,1.16,793.68,1,0.511
5,FAN_ZONE,EXIT_RUSH,sunny,80000,0.1235,1.0957,845.05,0,0.2984
5,FOOD_N,PIT_LANE_WALK,sunny,150000,0.641,0.648,802.82,0,0.7549
5,FOOD_S,EXIT_RUSH,cloudy,120000,0.418,0.2946,661.05,0,0.5089
5,MERCH,EXIT_RUSH,sunny,100000,0.1258,0.1427,806.38,0,0.2042
5,PIT_WALK,LUNCH,sunny,80000,0.1916,0.8513,885.16,1,0.4383
6,GS_A,QUALIFYING,heavy_rain,60000,0.613,1.1971,1380.0,1,0.9267
6,GS_B,LUNCH,cloudy,80000,0.6684,0.172,369.33,1,0.8333
6,GS_C,QUALIFYING,sunny,100000,0.7749,0.1457,87.94,0,0.8072
6,FAN_ZONE,RACE,heavy_rain,100000,0.8751,0.7193,1053.31,0,0.9962
6,FOOD_N,PODIUM,heavy_rain,120000,0.3723,0.5927,297.06,1,0.5981
6,FOOD_S,PIT_LANE_WALK,heavy_rain,100000,0.4205,0.6395,736.86,1,0.6692
6,MERCH,PODIUM,sunny,80000,0.523,0.965,430.79,0,0.6524
6,PIT_WALK,RACE,cloudy,60000,0.9048,0.4378,881.2,0,0.9766
7,GS_A,LUNCH,rain,120000,0.5541,0.1519,454.42,0,0.606
7,GS_B,PIT_LANE_WALK,sunny,60000,0.7278,0.6764,267.44,0,0.8284
7,GS_C,PIT_LANE_WALK,sunny,120000,0.4886,0.3043,332.35,0,0.554
7,FAN_ZONE,QUALIFYING,cloudy,100000,0.2757,0.8045,23.39,0,0.3735
7,FOOD_N,EXIT_RUSH,rain,120000,0.104,0.3644,1220.46,0,0.2251
7,FOOD_S,PRACTICE,cloudy,150000,0.8026,0.509,1256.68,0,0.8928
7,MERCH,QUALIFYING,rain,100000,0.3092,0.8354,1322.92,0,0.4555
7,PIT_WALK,QUALIFYING,rain,120000,0.4478,0.1113,1235.33,0,0.519
8,GS_A,PRACTICE,heavy_rain,80000,0.3154,0.1115,1038.78,0,0.3753
8,GS_B,EXIT_RUSH,heavy_rain,80000,0.1599,0.2258,238.39,0,0.2473
8,GS_C,PODIUM,heavy_rain,150000,0.5564,0.2841,1110.14,0,0.6557
8,FAN_ZONE,EXIT_RUSH,sunny,80000,0.3435,1.0411,392.25,1,0.6193
8,FOOD_N,LUNCH,sunny,120000,0.9077,0.7102,746.95,1,1.1361
8,FOOD_S,LUNCH,sunny,80000,0.1929,0.3515,1249.64,0,0.2806
8,MERCH,QUALIFYING,sunny,80000,0.4706,0.508,1107.52,0,0.5696
8,PIT_WALK,LUNCH,rain,80000,0.7162,0.1481,21.32,0,0.7546
9,GS_A,QUALIFYING,heavy_rain,100000,0.3976,0.3207,966.2,0,0.4913
9,GS_B,PIT_LANE_WALK,heavy_rain,120000,0.5298,0.3478,940.82,0,0.6354
9,GS_C,RACE,cloudy,150000,0.159,0.3704,792.83,0,0.2214
9,FAN_ZONE,QUALIFYING,sunny,100000,0.9196,0.1624,1027.14,0,0.9816
9,FOOD_N,LUNCH,sunny,60000,0.4148,0.2578,155.69,1,0.5803
9,FOOD_S,PRACTICE,cloudy,150000,0.5783,0.9951,1153.04,0,0.714
9,MERCH,QUALIFYING,heavy_rain,150000,0.5637,0.1218,1236.0,0,0.6456
9,PIT_WALK,QUALIFYING,rain,120000,0.4288,1.1013,356.5,0,0.5726
10,GS_A,PIT_LANE_WALK,cloudy,100000,0.5073,1.0884,681.33,0,0.6631
10,GS_B,PIT_LANE_WALK,cloudy,60000,0.6415,0.2918,1451.06,0,0.7408
10,GS_C,QUALIFYING,cloudy,80000,0.467,0.4298,63.83,1,0.6485
10,FAN_ZONE,QUALIFYING,heavy_rain,120000,0.8141,0.4882,1412.82,1,1.0579
10,FOOD_N,PIT_LANE_WALK,heavy_rain,150000,0.4773,0.5273,545.34,0,0.589
10,FOOD_S,LUNCH,rain,150000,0.275,0.3387,286.45,1,0.4605
10,MERCH,PIT_LANE_WALK,cloudy,80000,0.8331,0.9713,562.22,1,1.0937
10,PIT_WALK,EXIT_RUSH,heavy_rain,80000,0.4997,0.6971,678.48,0,0.6474
11,GS_A,QUALIFYING,heavy_rain,120000,0.2846,0.7069,235.08,0,0.3949
11,GS_B,LUNCH,rain,120000,0.1203,0.3271,851.09,0,0.2015
11,GS_C,PIT_LANE_WALK,heavy_rain,80000,0.5888,0.9809,226.02,0,0.7363
11,FAN_ZONE,EXIT_RUSH,sunny,60000,0.7482,0.6354,915.54,0,0.8792
11,FOOD_N,PRACTICE,rain,100000,0.1729,0.1095,1293.37,0,0.2306
11,FOOD_S,LUNCH,rain,100000,0.8918,0.4924,1115.38,0,0.9975
11,MERCH,QUALIFYING,heavy_rain,80000,0.6297,0.4471,1356.77,0,0.7478
11,PIT_WALK,LUNCH,cloudy,60000,0.3463,0.2116,842.83,1,0.5293
12,GS_A,RACE,heavy_rain,80000,0.5525,0.7801,237.42,0,0.6552
12,GS_B,QUALIFYING,sunny,80000,0.9297,0.8303,219.97,0,1.0343
12,GS_C,EXIT_RUSH,sunny,120000,0.8482,0.6201,715.32,0,0.9717
12,FAN_ZONE,QUALIFYING,rain,60000,0.5972,0.3,1340.98,0,0.6904
12,FOOD_N,PIT_LANE_WALK,heavy_rain,60000,0.8535,0.1758,202.42,0,0.9198
12,FOOD_S,PODIUM,rain,60000,0.944,0.9701,1003.36,0,1.0991
12,MERCH,RACE,heavy_rain,100000,0.4015,1.1819,742.12,0,0.5596
12,PIT_WALK,RACE,sunny,100000,0.8236,0.3112,420.37,1,0.9873
13,GS_A,PIT_LANE_WALK,rain,120000,0.8699,0.1572,358.21,1,1.0494
13,GS_B,PODIUM,heavy_rain,100000,0.3869,0.4001,1492.65,0,0.5093
13,GS_C,RACE,sunny,100000,0.5686,0.2437,1467.37,0,0.637
13,FAN_ZONE,PRACTICE,rain,100000,0.4236,1.095,570.03,1,0.6782
13,FOOD_N,QUALIFYING,heavy_rain,80000,0.4118,0.6638,1490.48,0,0.5555
13,FOOD_S,QUALIFYING,rain,60000,0.9015,0.891,828.57,0,1.0384
13,MERCH,PODIUM,rain,60000,0.8764,1.1107,127.19,0,1.0192
13,PIT_WALK,PRACTICE,cloudy,60000,0.7891,0.9868,160.57,0,0.8942
14,GS_A,EXIT_RUSH,sunny,60000,0.2309,0.9816,1168.32,0,0.4041
14,GS_B,PRACTICE,cloudy,100000,0.726,0.4752,1363.37,1,0.9361
14,GS_C,PODIUM,cloudy,60000,0.7682,0.2164,182.97,0,0.8169
14,FAN_ZONE,QUALIFYING,cloudy,60000,0.2577,0.8901,137.38,0,0.3675
14,FOOD_N,LUNCH,heavy_rain,120000,0.7094,0.5256,938.18,0,0.8227
14,FOOD_S,PODIUM,sunny,80000,0.6146,0.3047,432.1,1,0.7981
14,MERCH,PIT_LANE_WALK,cloudy,60000,0.5314,0.1875,1461.29,0,0.6206
14,PIT_WALK,PIT_LANE_WALK,cloudy,120000,0.6974,0.1834,280.57,0,0.7508
15,GS_A,RACE,rain,120000,0.64,0.7515,902.33,0,0.7502
15,GS_B,PRACTICE,rain,80000,0.3133,0.4792,361.16,0,0.3801
15,GS_C,PODIUM,sunny,60000,0.155,0.1691,516.33,1,0.3274
15,FAN_ZONE,PODIUM,sunny,150000,0.6729,1.0885,668.9,0,0.8218
15,FOOD_N,RACE,sunny,100000,0.7557,1.1059,1047.11,0,0.8977
15,FOOD_S,QUALIFYING,rain,100000,0.4832,0.9164,720.67,1,0.7394
15,MERCH,LUNCH,sunny,120000,0.564,0.9195,342.17,0,0.6812
15,PIT_WALK,EXIT_RUSH,heavy_rain,120000,0.4952,0.6078,1385.17,1,0.7751
16,GS_A,QUALIFYING,sunny,100000,0.4843,0.2563,1125.83,0,0.5588
16,GS_B,PIT_LANE_WALK,sunny,80000,0.4242,1.0573,224.08,1,0.6817
16,GS_C,PRACTICE,heavy_rain,80000,0.2284,1.1406,325.49,1,0.4898
16,FAN_ZONE,LUNCH,rain,80000,0.3303,0.3175,745.98,0,0.4074
16,FOOD_N,QUALIFYING,cloudy,60000,0.2615,0.7675,748.71,1,0.4973
16,FOOD_S,PODIUM,heavy_rain,80000,0.4004,0.2166,1429.43,0,0.5025
16,MERCH,QUALIFYING,heavy_rain,100000,0.2999,1.1377,1205.43,0,0.4824
16,PIT_WALK,RACE,heavy_rain,150000,0.6368,0.4724,465.92,0,0.7156
17,GS_A,EXIT_RUSH,cloudy,150000,0.21,0.4101,1087.14,0,0.3252
17,GS_B,QUALIFYING,cloudy,100000,0.9249,0.1694,670.62,0,0.9785
17,GS_C,PODIUM,heavy_rain,150000,0.685,1.1012,1353.83,0,0.8734
17,FAN_ZONE,LUNCH,rain,150000,0.3896,0.9732,1047.49,0,0.5414
17,FOOD_N,RACE,heavy_rain,100000,0.618,0.9947,373.65,0,0.7463
17,FOOD_S,RACE,rain,150000,0.5343,0.2051,1125.29,0,0.5966
17,MERCH,PODIUM,rain,120000,0.5173,0.7629,1336.37,0,0.6617
17,PIT_WALK,PODIUM,cloudy,60000,0.4311,0.3125,1154.92,0,0.5186
18,GS_A,PIT_LANE_WALK,heavy_rain,100000,0.5027,0.3457,4.58,0,0.58
18,GS_B,RACE,cloudy,150000,0.9132,0.6332,471.25,0,0.9922
18,GS_C,LUNCH,rain,120000,0.6143,0.4252,90.84,0,0.6826
18,FAN_ZONE,PIT_LANE_WALK,cloudy,100000,0.4595,1.0004,16.37,0,0.5867
18,FOOD_N,PRACTICE,rain,80000,0.1215,0.8168,1143.56,1,0.3655
18,FOOD_S,QUALIFYING,rain,100000,0.4797,0.5202,235.47,0,0.5618
18,MERCH,PIT_LANE_WALK,cloudy,100000,0.4876,0.3176,909.81,0,0.5732
18,PIT_WALK,RACE,heavy_rain,80000,0.9127,0.2363,1301.61,0,0.993
19,GS_A,PODIUM,heavy_rain,120000,0.368,0.8926,825.19,0,0.5196
19,GS_B,PODIUM,rain,150000,0.2513,0.7744,1140.8,0,0.391
19,GS_C,PODIUM,cloudy,60000,0.743,0.1433,767.56,1,0.922
19,FAN_ZONE,LUNCH,cloudy,100000,0.8879,0.2539,153.38,0,0.9345
19,FOOD_N,EXIT_RUSH,sunny,120000,0.9265,0.472,618.96,1,1.1522
19,FOOD_S,QUALIFYING,cloudy,80000,0.5633,0.6771,962.73,0,0.6765
19,MERCH,PIT_LANE_WALK,cloudy,60000,0.4812,0.2268,1367.14,0,0.5715
19,PIT_WALK,EXIT_RUSH,cloudy,60000,0.648,0.7135,78.72,1,0.8834
20,GS_A,EXIT_RUSH,cloudy,100000,0.1358,0.9344,1424.95,0,0.3136
20,GS_B,RACE,rain,60000,0.4294,0.7978,593.71,1,0.655
20,GS_C,PRACTICE,cloudy,80000,0.6692,0.8668,825.05,0,0.7822
20,FAN_ZONE,PRACTICE,rain,120000,0.2951,0.6406,524.07,0,0.3829
20,FOOD_N,PODIUM,rain,150000,0.2809,0.6899,1372.8,0,0.419
20,FOOD_S,EXIT_RUSH,rain,80000,0.4182,0.5273,1252.23,0,0.5564
20,MERCH,PIT_LANE_WALK,heavy_rain,120000,0.378,0.3864,178.75,0,0.4646
20,PIT_WALK,QUALIFYING,cloudy,60000,0.6129,0.8165,767.71,0,0.7341
21,GS_A,EXIT_RUSH,cloudy,150000,0.1354,0.9851,1114.22,0,0.3089
21,GS_B,LUNCH,rain,120000,0.7253,0.4285,1034.62,0,0.8222
21,GS_C,EXIT_RUSH,rain,150000,0.1462,0.7887,850.27,0,0.2986
21,FAN_ZONE,EXIT_RUSH,rain,120000,0.1202,0.1136,1244.38,0,0.2169
21,FOOD_N,QUALIFYING,cloudy,120000,0.9048,0.5274,491.04,1,1.1088
21,FOOD_S,EXIT_RUSH,cloudy,150000,0.5767,0.4139,1480.17,0,0.7041
21,MERCH,PRACTICE,sunny,60000,0.1912,0.1003,46.8,0,0.2026
21,PIT_WALK,LUNCH,sunny,100000,0.3579,0.5196,852.17,0,0.4505
22,GS_A,PIT_LANE_WALK,sunny,120000,0.283,0.3099,634.75,0,0.358
22,GS_B,PRACTICE,rain,100000,0.6556,0.4272,52.49,0,0.7079
22,GS_C,LUNCH,sunny,120000,0.4884,1.1255,1474.92,0,0.6602
22,FAN_ZONE,QUALIFYING,rain,60000,0.2484,0.2238,1087.21,0,0.3264
22,FOOD_N,LUNCH,cloudy,120000,0.6974,0.6277,1097.15,0,0.8097
22,FOOD_S,EXIT_RUSH,heavy_rain,80000,0.6763,0.1329,746.14,1,0.8896
22,MERCH,PRACTICE,rain,120000,0.927,0.7344,66.05,0,1.0104
22,PIT_WALK,EXIT_RUSH,cloudy,120000,0.2723,0.394,1006.86,0,0.3835
23,GS_A,RACE,heavy_rain,80000,0.7888,1.1954,66.18,1,1.0479
23,GS_B,PRACTICE,rain,120000,0.7082,0.9168,429.78,1,0.9408
23,GS_C,PODIUM,cloudy,100000,0.5629,0.5106,1352.73,0,0.6761
23,FAN_ZONE,PIT_LANE_WALK,rain,120000,0.446,0.7382,558.16,0,0.5695
23,FOOD_N,PRACTICE,rain,100000,0.6744,0.5486,1442.08,0,0.7805
23,FOOD_S,RACE,cloudy,100000,0.886,0.81,676.15,0,0.9889
23,MERCH,RACE,rain,150000,0.5304,1.0457,937.59,0,0.6711
23,PIT_WALK,PODIUM,heavy_rain,120000,0.2186,0.9979,308.72,0,0.3652
24,GS_A,RACE,sunny,100000,0.8486,1.1896,816.0,0,0.992
24,GS_B,LUNCH,rain,60000,0.8943,0.8311,247.05,1,1.1279
24,GS_C,QUALIFYING,heavy_rain,150000,0.3767,1.0201,559.98,0,0.5281
24,FAN_ZONE,PRACTICE,cloudy,80000,0.3985,0.5488,1127.35,1,0.6088
24,FOOD_N,PRACTICE,sunny,80000,0.8092,1.0848,282.5,1,1.0461
24,FOOD_S,EXIT_RUSH,heavy_rain,80000,0.8785,0.8644,459.83,0,1.0363
24,MERCH,PRACTICE,sunny,100000,0.5607,0.2062,1221.74,0,0.6179
24,PIT_WALK,PRACTICE,sunny,120000,0.2029,0.3043,1164.1,0,0.2683
25,GS_A,QUALIFYING,sunny,100000,0.9084,0.5641,536.27,0,0.9959
25,GS_B,RACE,heavy_rain,120000,0.4296,0.3293,642.79,0,0.4994
25,GS_C,PIT_LANE_WALK,heavy_rain,150000,0.9305,0.65,527.25,1,1.1739
25,FAN_ZONE,PIT_LANE_WALK,heavy_rain,120000,0.7543,0.565,880.69,0,0.8798
25,FOOD_N,QUALIFYING,rain,60000,0.1329,0.6362,1358.81,0,0.2603
25,FOOD_S,PRACTICE,heavy_rain,100000,0.3086,1.0137,946.95,1,0.576
25,MERCH,PIT_LANE_WALK,heavy_rain,150000,0.3052,1.1824,51.51,0,0.4676
25,PIT_WALK,EXIT_RUSH,sunny,60000,0.449,0.1113,192.58,1,0.6259
26,GS_A,QUALIFYING,sunny,150000,0.5268,0.6095,1045.7,0,0.6341
26,GS_B,QUALIFYING,rain,60000,0.2,0.6684,260.88,0,0.2977
26,GS_C,LUNCH,sunny,120000,0.3467,0.4646,164.51,0,0.4131
26,FAN_ZONE,EXIT_RUSH,cloudy,60000,0.5133,0.1063,1163.61,1,0.7204
26,FOOD_N,RACE,heavy_rain,120000,0.3569,0.3458,1298.35,0,0.4481
26,FOOD_S,LUNCH,cloudy,150000,0.7872,1.1428,174.13,0,0.9233
26,MERCH,PODIUM,heavy_rain,150000,0.5784,0.5819,550.01,0,0.6906
26,PIT_WALK,QUALIFYING,heavy_rain,100000,0.863,0.5051,815.23,0,0.9706
27,GS_A,PRACTICE,rain,120000,0.4708,0.8723,100.41,0,0.5691
27,GS_B,LUNCH,sunny,80000,0.4411,1.1112,1359.92,0,0.608
27,GS_C,PODIUM,rain,120000,0.1734,0.3055,294.78,0,0.2408
27,FAN_ZONE,QUALIFYING,sunny,80000,0.1568,0.969,278.27,0,0.277
27,FOOD_N,QUALIFYING,sunny,60000,0.2721,0.4304,1119.96,0,0.3637
27,FOOD_S,PIT_LANE_WALK,sunny,80000,0.5337,0.1134,786.84,0,0.5936
27,MERCH,LUNCH,cloudy,120000,0.3716,0.368,720.58,1,0.5666
27,PIT_WALK,PODIUM,sunny,80000,0.5069,0.209,581.79,0,0.5653
28,GS_A,QUALIFYING,sunny,80000,0.8292,0.2599,1140.78,0,0.9044
28,GS_B,LUNCH,rain,60000,0.6329,0.5549,938.44,1,0.8595
28,GS_C,QUALIFYING,sunny,100000,0.7395,0.1472,480.73,0,0.7837
28,FAN_ZONE,PODIUM,cloudy,150000,0.4322,0.7671,1300.4,1,0.6895
28,FOOD_N,EXIT_RUSH,cloudy,150000,0.907,0.6605,609.8,0,1.0329
28,FOOD_S,RACE,sunny,60000,0.5431,0.6468,112.58,1,0.7311
28,MERCH,EXIT_RUSH,sunny,100000,0.5774,0.8749,1165.57,0,0.7399
28,PIT_WALK,PIT_LANE_WALK,rain,100000,0.4343,0.611,1210.22,0,0.5647
29,GS_A,EXIT_RUSH,cloudy,100000,0.8271,0.6169,731.68,1,1.0723
29,GS_B,RACE,sunny,100000,0.1773,0.6386,513.62,0,0.2566
29,GS_C,LUNCH,rain,80000,0.894,1.0622,891.65,0,1.05
29,FAN_ZONE,EXIT_RUSH,rain,100000,0.5811,0.4834,459.52,1,0.8112
29,FOOD_N,EXIT_RUSH,cloudy,80000,0.3243,0.5662,988.67,0,0.4522
29,FOOD_S,PIT_LANE_WALK,cloudy,150000,0.684,0.4976,814.16,1,0.9048
29,MERCH,PIT_LANE_WALK,cloudy,150000,0.5421,0.2289,1084.11,0,0.6241
29,PIT_WALK,PODIUM,heavy_rain,80000,0.7715,1.0134,274.62,0,0.9186
30,GS_A,QUALIFYING,rain,100000,0.4329,0.8887,1398.73,0,0.5867
30,GS_B,EXIT_RUSH,heavy_rain,60000,0.6151,0.3778,1449.77,0,0.754
30,GS_C,QUALIFYING,rain,80000,0.2606,1.1275,1391.71,1,0.5581
30,FAN_ZONE,QUALIFYING,sunny,120000,0.3258,1.1797,942.17,1,0.6071
30,FOOD_N,PIT_LANE_WALK,sunny,60000,0.4289,0.2314,271.66,0,0.4851
30,FOOD_S,EXIT_RUSH,sunny,80000,0.3358,0.7033,402.62,1,0.5782
30,MERCH,PRACTICE,rain,100000,0.1339,0.8263,89.82,0,0.2273
30,PIT_WALK,RACE,rain,80000,0.4653,0.3535,927.47,0,0.5365
31,GS_A,LUNCH,cloudy,80000,0.2289,0.7091,475.08,1,0.4507
31,GS_B,RACE,rain,60000,0.5605,0.1192,240.59,1,0.7076
31,GS_C,QUALIFYING,cloudy,80000,0.1813,1.0299,331.46,0,0.3109
31,FAN_ZONE,QUALIFYING,heavy_rain,80000,0.3376,0.1035,1006.74,1,0.5307
31,FOOD_N,QUALIFYING,heavy_rain,120000,0.2974,1.032,612.8,0,0.4515
31,FOOD_S,EXIT_RUSH,rain,120000,0.823,0.9258,34.54,0,0.9646
31,MERCH,PRACTICE,heavy_rain,120000,0.4712,1.0627,513.43,1,0.7304
31,PIT_WALK,RACE,heavy_rain,120000,0.6156,0.5103,1055.18,0,0.7159
32,GS_A,LUNCH,rain,120000,0.2761,0.4456,607.65,0,0.3619
32,GS_B,RACE,cloudy,120000,0.6104,0.6167,36.41,0,0.6747
32,GS_C,PIT_LANE_WALK,heavy_rain,120000,0.7061,0.1241,857.48,0,0.7868
32,FAN_ZONE,QUALIFYING,rain,80000,0.4708,0.5899,636.21,0,0.5719
32,FOOD_N,LUNCH,cloudy,150000,0.3288,1.1028,389.79,0,0.4673
32,FOOD_S,EXIT_RUSH,sunny,100000,0.6483,0.759,1215.21,1,0.9206
32,MERCH,LUNCH,sunny,100000,0.1408,0.3514,1060.66,0,0.2227
32,PIT_WALK,PIT_LANE_WALK,cloudy,100000,0.1674,1.1252,679.65,1,0.4469
33,GS_A,LUNCH,sunny,60000,0.8404,0.3046,614.2,0,0.9042
33,GS_B,EXIT_RUSH,cloudy,150000,0.6278,0.7299,1174.65,0,0.7776
33,GS_C,PRACTICE,cloudy,60000,0.4997,0.5656,251.89,0,0.5654
33,FAN_ZONE,RACE,sunny,150000,0.7569,0.3959,1174.72,1,0.9517
33,FOOD_N,LUNCH,cloudy,100000,0.7467,0.8955,229.08,0,0.8598
33,FOOD_S,PRACTICE,sunny,80000,0.8271,0.943,769.87,1,1.0645
33,MERCH,LUNCH,rain,120000,0.242,0.616,1269.81,0,0.3646
33,PIT_WALK,LUNCH,cloudy,60000,0.3089,0.2927,164.81,0,0.3597
34,GS_A,RACE,heavy_rain,150000,0.9354,0.2495,430.8,1,1.1109
34,GS_B,PODIUM,rain,100000,0.5602,0.5443,787.58,1,0.7863
34,GS_C,QUALIFYING,cloudy,80000,0.5449,0.5484,754.73,0,0.639
34,FAN_ZONE,PRACTICE,heavy_rain,120000,0.1624,1.1942,1262.92,1,0.4573
34,FOOD_N,EXIT_RUSH,sunny,120000,0.3546,0.1263,730.83,0,0.4291
34,FOOD_S,RACE,cloudy,120000,0.7588,0.9254,674.91,0,0.8732
34,MERCH,QUALIFYING,rain,120000,0.3078,0.118,340.61,1,0.4728
34,PIT_WALK,QUALIFYING,cloudy,60000,0.4964,0.6117,1323.58,1,0.7339
35,GS_A,PRACTICE,rain,60000,0.3086,0.2601,960.03,0,0.3714
35,GS_B,EXIT_RUSH,heavy_rain,150000,0.398,1.1003,1330.57,0,0.6055
35,GS_C,PRACTICE,heavy_rain,100000,0.3499,1.0032,827.41,0,0.4926
35,FAN_ZONE,PRACTICE,sunny,150000,0.3817,0.4414,760.08,0,0.4487
35,FOOD_N,RACE,rain,120000,0.3292,0.1272,328.04,0,0.3597
35,FOOD_S,RACE,rain,100000,0.4429,0.9784,690.44,0,0.5694
35,MERCH,QUALIFYING,heavy_rain,150000,0.1433,0.6687,184.95,1,0.3683
35,PIT_WALK,RACE,sunny,120000,0.1307,0.9572,1093.0,0,0.2592
36,GS_A,PODIUM,rain,80000,0.3806,0.8857,1097.17,0,0.5301
36,GS_B,PIT_LANE_WALK,heavy_rain,60000,0.7478,0.316,925.31,0,0.8497
36,GS_C,QUALIFYING,cloudy,80000,0.1374,0.1133,199.41,1,0.2913
36,FAN_ZONE,LUNCH,sunny,80000,0.4629,0.725,1485.64,0,0.5949
36,FOOD_N,PRACTICE,cloudy,80000,0.83,0.3921,724.0,1,1.0125
36,FOOD_S,QUALIFYING,rain,120000,0.8861,0.6428,119.95,0,0.977
36,MERCH,EXIT_RUSH,rain,150000,0.9123,0.3839,837.85,0,1.0238
36,PIT_WALK,RACE,rain,80000,0.2323,0.8502,1074.85,0,0.3575
37,GS_A,RACE,rain,120000,0.7927,0.5773,408.28,1,0.9907
37,GS_B,PIT_LANE_WALK,sunny,150000,0.1436,0.7509,1202.51,0,0.2798
37,GS_C,LUNCH,heavy_rain,60000,0.2901,0.9618,1321.12,0,0.4585
37,FAN_ZONE,QUALIFYING,heavy_rain,100000,0.6928,0.6564,618.97,0,0.8096
37,FOOD_N,PODIUM,sunny,60000,0.169,0.2787,721.76,0,0.2385
37,FOOD_S,QUALIFYING,sunny,100000,0.4703,0.9966,231.07,0,0.5919
37,MERCH,QUALIFYING,heavy_rain,120000,0.2005,0.3593,1318.66,0,0.3086
37,PIT_WALK,EXIT_RUSH,cloudy,80000,0.4656,0.3586,364.85,0,0.554
38,GS_A,PRACTICE,sunny,60000,0.6083,0.7528,1279.8,0,0.722
38,GS_B,EXIT_RUSH,cloudy,60000,0.2275,0.5714,1344.87,0,0.3666
38,GS_C,EXIT_RUSH,rain,150000,0.5005,0.136,437.13,0,0.5752
38,FAN_ZONE,PRACTICE,sunny,60000,0.1744,0.2817,464.65,0,0.2165
38,FOOD_N,LUNCH,heavy_rain,60000,0.6222,1.0036,288.37,1,0.8838
38,FOOD_S,PRACTICE,rain,60000,0.3272,0.4206,1255.27,0,0.4149
38,MERCH,EXIT_RUSH,sunny,150000,0.493,1.0376,236.09,1,0.7638
38,PIT_WALK,PIT_LANE_WALK,cloudy,120000,0.2902,0.4121,590.09,1,0.4957
39,GS_A,PODIUM,heavy_rain,80000,0.4049,0.6598,440.48,1,0.6417
39,GS_B,LUNCH,cloudy,80000,0.7751,1.0318,999.38,1,1.0449
39,GS_C,PRACTICE,cloudy,120000,0.6977,0.1405,88.12,0,0.716
39,FAN_ZONE,PIT_LANE_WALK,rain,120000,0.2072,0.895,423.71,0,0.3424
39,FOOD_N,PODIUM,rain,120000,0.47,0.2349,966.47,0,0.5505
39,FOOD_S,PIT_LANE_WALK,sunny,60000,0.6578,0.5006,586.19,0,0.7504
39,MERCH,EXIT_RUSH,heavy_rain,120000,0.815,0.984,584.34,1,1.1085
39,PIT_WALK,EXIT_RUSH,rain,100000,0.7662,1.0488,674.42,1,1.0593
40,GS_A,LUNCH,sunny,100000,0.9144,0.9267,1302.2,0,1.0611
40,GS_B,LUNCH,sunny,80000,0.4534,0.6356,1482.55,0,0.5765
40,GS_C,LUNCH,cloudy,60000,0.5359,0.6449,416.79,1,0.7495
40,FAN_ZONE,EXIT_RUSH,rain,60000,0.7552,0.7947,1067.05,0,0.9147
40,FOOD_N,LUNCH,cloudy,100000,0.1889,0.9487,1453.91,0,0.344
40,FOOD_S,PIT_LANE_WALK,heavy_rain,120000,0.6783,1.0436,1116.08,0,0.8587
40,MERCH,PODIUM,rain,60000,0.7543,0.9044,59.14,1,0.9945
40,PIT_WALK,EXIT_RUSH,sunny,120000,0.3418,0.1197,883.98,1,0.5403
41,GS_A,LUNCH,rain,120000,0.8897,1.1055,913.14,0,1.0506
41,GS_B,EXIT_RUSH,cloudy,120000,0.325,1.0807,1278.25,0,0.513
41,GS_C,EXIT_RUSH,heavy_rain,120000,0.3256,0.6838,60.82,0,0.4534
41,FAN_ZONE,EXIT_RUSH,rain,60000,0.1019,0.1525,114.16,1,0.2886
41,FOOD_N,PODIUM,rain,120000,0.5265,1.1479,1191.94,0,0.705
41,FOOD_S,PIT_LANE_WALK,sunny,120000,0.9405,0.3348,991.93,0,1.0288
41,MERCH,LUNCH,sunny,60000,0.5766,0.4614,817.59,1,0.7823
41,PIT_WALK,PRACTICE,cloudy,80000,0.3795,0.3702,719.8,0,0.4397
42,GS_A,QUALIFYING,cloudy,100000,0.6588,0.839,623.36,0,0.778
42,GS_B,RACE,sunny,80000,0.183,1.1249,464.24,0,0.3094
42,GS_C,LUNCH,sunny,80000,0.8422,1.0383,4.99,0,0.9612
42,FAN_ZONE,EXIT_RUSH,heavy_rain,120000,0.1964,0.5964,182.16,0,0.3191
42,FOOD_N,EXIT_RUSH,sunny,80000,0.6678,0.4061,124.9,0,0.7522
42,FOOD_S,PODIUM,sunny,60000,0.4297,0.3082,1417.41,0,0.523
42,MERCH,PODIUM,cloudy,100000,0.2379,0.4763,783.13,1,0.4507
42,PIT_WALK,QUALIFYING,sunny,80000,0.1253,1.0389,1189.0,1,0.3999
43,GS_A,RACE,sunny,120000,0.2424,0.7832,725.13,0,0.3425
43,GS_B,PIT_LANE_WALK,cloudy,60000,0.5738,0.6036,483.32,0,0.6753
43,GS_C,PODIUM,rain,120000,0.485,0.1041,533.13,0,0.5394
43,FAN_ZONE,QUALIFYING,sunny,60000,0.7373,0.1082,472.76,0,0.7773
43,FOOD_N,LUNCH,heavy_rain,150000,0.6055,0.7176,174.74,1,0.835
43,FOOD_S,RACE,sunny,80000,0.9467,0.8985,511.05,0,1.0519
43,MERCH,EXIT_RUSH,sunny,100000,0.3652,1.0044,440.18,0,0.5189
43,PIT_WALK,EXIT_RUSH,heavy_rain,100000,0.6651,1.1982,1043.86,0,0.8738
44,GS_A,RACE,rain,120000,0.389,0.5532,111.6,0,0.4556
44,GS_B,PIT_LANE_WALK,rain,60000,0.3621,0.4298,34.1,0,0.4391
44,GS_C,EXIT_RUSH,sunny,60000,0.8391,1.1246,904.36,0,1.0187
44,FAN_ZONE,PRACTICE,cloudy,150000,0.1809,0.3906,500.68,0,0.2366
44,FOOD_N,EXIT_RUSH,sunny,150000,0.7803,0.3547,414.77,0,0.8682
44,FOOD_S,PRACTICE,rain,60000,0.6592,0.2105,605.47,1,0.8264
44,MERCH,PRACTICE,sunny,60000,0.6592,0.396,78.08,0,0.7012
44,PIT_WALK,QUALIFYING,sunny,80000,0.8577,0.1468,1214.25,0,0.9238
45,GS_A,PRACTICE,rain,80000,0.6022,0.7173,1191.16,0,0.7177
45,GS_B,PODIUM,sunny,80000,0.6512,0.7259,1300.04,1,0.9028
45,GS_C,EXIT_RUSH,cloudy,60000,0.7194,0.2393,1106.79,1,0.9382
45,FAN_ZONE,PODIUM,cloudy,150000,0.6792,1.0626,865.04,1,0.953
45,FOOD_N,QUALIFYING,cloudy,100000,0.3022,0.5727,919.89,0,0.4037
45,FOOD_S,RACE,rain,80000,0.2158,1.1711,617.31,0,0.3594
45,MERCH,PIT_LANE_WALK,heavy_rain,60000,0.6239,1.0785,1060.36,0,0.8062
45,PIT_WALK,LUNCH,cloudy,80000,0.4447,0.3103,379.4,0,0.5037
46,GS_A,PODIUM,sunny,120000,0.2126,0.1442,1497.22,0,0.2919
46,GS_B,RACE,sunny,60000,0.213,0.3399,1439.1,0,0.2902
46,GS_C,LUNCH,heavy_rain,80000,0.8055,0.1151,160.43,0,0.8544
46,FAN_ZONE,PIT_LANE_WALK,heavy_rain,150000,0.7157,0.9642,1303.2,1,1.0138
46,FOOD_N,PODIUM,cloudy,120000,0.6783,0.5878,302.32,0,0.7677
46,FOOD_S,PODIUM,cloudy,120000,0.4002,1.0569,1287.17,1,0.6861
46,MERCH,QUALIFYING,heavy_rain,60000,0.9068,0.5812,378.17,0,1.0088
46,PIT_WALK,RACE,rain,120000,0.7642,1.0171,1122.49,0,0.9076
47,GS_A,LUNCH,heavy_rain,120000,0.1939,0.4159,425.17,0,0.2808
47,GS_B,PIT_LANE_WALK,rain,120000,0.7678,0.6826,879.73,0,0.8955
47,GS_C,QUALIFYING,rain,120000,0.2708,1.0502,1259.2,0,0.4366
47,FAN_ZONE,LUNCH,heavy_rain,80000,0.2875,1.0953,25.72,1,0.5504
47,FOOD_N,LUNCH,sunny,100000,0.9385,0.7069,962.83,0,1.0531
47,FOOD_S,PODIUM,rain,60000,0.5437,0.8589,407.72,1,0.7898
47,MERCH,PIT_LANE_WALK,rain,150000,0.1535,1.1529,160.68,0,0.3066
47,PIT_WALK,LUNCH,heavy_rain,80000,0.8275,0.7319,1386.65,0,0.9749
48,GS_A,RACE,heavy_rain,60000,0.9148,0.4601,1034.46,0,1.0095
48,GS_B,PODIUM,heavy_rain,100000,0.5089,0.3061,1098.93,0,0.61
48,GS_C,RACE,rain,120000,0.5983,0.7917,1004.75,0,0.7156
48,FAN_ZONE,PRACTICE,rain,120000,0.5011,0.3159,367.33,0,0.5517
48,FOOD_N,QUALIFYING,sunny,60000,0.7451,0.6857,739.73,0,0.8509
48,FOOD_S,PRACTICE,cloudy,120000,0.5804,0.2507,616.1,1,0.7455
48,MERCH,RACE,heavy_rain,80000,0.5547,0.9125,153.92,0,0.6682
48,PIT_WALK,PIT_LANE_WALK,sunny,60000,0.7273,0.3403,145.28,1,0.9107
49,GS_A,LUNCH,sunny,80000,0.9426,0.8073,1334.7,0,1.0784
49,GS_B,RACE,cloudy,120000,0.62,0.2029,375.48,0,0.6532
49,GS_C,PODIUM,sunny,80000,0.6856,0.6952,985.95,1,0.9247
49,FAN_ZONE,RACE,cloudy,60000,0.7764,1.0762,150.14,0,0.8901
49,FOOD_N,QUALIFYING,cloudy,60000,0.463,0.4839,535.35,0,0.5441
49,FOOD_S,LUNCH,cloudy,80000,0.9336,0.7289,1000.95,0,1.0531
49,MERCH,LUNCH,cloudy,100000,0.7269,0.9057,293.78,0,0.8428
49,PIT_WALK,LUNCH,sunny,80000,0.4917,0.8278,338.44,0,0.5997
50,GS_A,EXIT_RUSH,heavy_rain,60000,0.4116,0.9322,1141.64,0,0.5967
50,GS_B,LUNCH,rain,150000,0.8086,0.275,567.13,0,0.8761
50,GS_C,PRACTICE,cloudy,60000,0.2488,1.0272,630.53,0,0.3721
50,FAN_ZONE,EXIT_RUSH,cloudy,150000,0.2307,0.2193,343.89,0,0.3045
50,FOOD_N,RACE,rain,80000,0.7067,1.0722,796.3,1,0.9658
50,FOOD_S,LUNCH,heavy_rain,80000,0.8045,0.7537,990.77,1,1.0622
50,MERCH,PIT_LANE_WALK,cloudy,80000,0.6193,0.9742,418.76,0,0.7559
50,PIT_WALK,PRACTICE,sunny,60000,0.4449,0.5131,803.17,0,0.5203
51,GS_A,PRACTICE,heavy_rain,150000,0.2953,0.8703,1424.34,1,0.5626
51,GS_B,LUNCH,cloudy,80000,0.7056,0.9984,79.25,0,0.8244
51,GS_C,PRACTICE,cloudy,100000,0.8718,0.6593,910.35,0,0.9666
51,FAN_ZONE,RACE,cloudy,60000,0.5463,0.2029,391.71,0,0.58
51,FOOD_N,EXIT_RUSH,cloudy,150000,0.4636,1.0353,307.95,0,0.6179
51,FOOD_S,PODIUM,sunny,120000,0.2256,0.5866,633.18,0,0.3233
51,MERCH,PRACTICE,sunny,60000,0.2399,0.4039,1270.84,0,0.3185
51,PIT_WALK,PODIUM,sunny,100000,0.759,0.86,1294.33,0,0.9038
52,GS_A,PRACTICE,sunny,120000,0.2402,0.9164,955.56,0,0.3605
52,GS_B,RACE,rain,150000,0.9101,0.2081,1175.47,0,0.9742
52,GS_C,QUALIFYING,sunny,100000,0.122,0.2648,530.01,0,0.1793
52,FAN_ZONE,RACE,heavy_rain,120000,0.3217,0.1935,1219.15,0,0.3952
52,FOOD_N,EXIT_RUSH,rain,100000,0.5439,0.9448,225.87,0,0.6931
52,FOOD_S,PRACTICE,sunny,60000,0.4225,0.1444,652.03,0,0.4565
52,MERCH,PODIUM,rain,100000,0.6627,1.0744,566.84,0,0.8152
52,PIT_WALK,QUALIFYING,sunny,120000,0.7153,0.4026,224.94,0,0.7773
53,GS_A,PIT_LANE_WALK,rain,100000,0.2269,0.3964,341.77,0,0.3098
53,GS_B,PODIUM,sunny,120000,0.3636,0.2873,865.24,0,0.4383
53,GS_C,EXIT_RUSH,heavy_rain,60000,0.1451,0.3287,615.28,0,0.254
53,FAN_ZONE,EXIT_RUSH,cloudy,60000,0.7565,0.9565,1429.66,0,0.9366
53,FOOD_N,EXIT_RUSH,heavy_rain,150000,0.1516,0.9822,1392.21,0,0.3492
53,FOOD_S,PRACTICE,rain,80000,0.2056,0.7114,793.93,0,0.3086
53,MERCH,LUNCH,cloudy,80000,0.5654,0.621,1320.68,1,0.8037
53,PIT_WALK,LUNCH,sunny,120000,0.5491,0.1706,401.7,0,0.5932
54,GS_A,RACE,rain,100000,0.6262,0.4247,256.31,1,0.8044
54,GS_B,PODIUM,cloudy,150000,0.2348,0.367,629.7,0,0.312
54,GS_C,PIT_LANE_WALK,sunny,60000,0.4663,0.2145,1441.16,1,0.6759
54,FAN_ZONE,QUALIFYING,cloudy,100000,0.7987,0.4208,1473.31,0,0.9016
54,FOOD_N,QUALIFYING,cloudy,100000,0.744,1.0529,63.48,0,0.8678
54,FOOD_S,EXIT_RUSH,sunny,120000,0.5619,0.3057,287.51,0,0.6411
54,MERCH,PIT_LANE_WALK,sunny,60000,0.4207,0.5523,419.68,0,0.5135
54,PIT_WALK,LUNCH,rain,80000,0.4131,0.7117,751.45,0,0.5298
55,GS_A,PODIUM,rain,100000,0.4958,1.0149,92.3,0,0.6281
55,GS_B,LUNCH,cloudy,80000,0.6838,0.1633,1279.45,0,0.7551
55,GS_C,RACE,rain,60000,0.9243,1.0063,291.49,0,1.0417
55,FAN_ZONE,PRACTICE,sunny,150000,0.4355,0.3441,212.12,0,0.4763
55,FOOD_N,PRACTICE,sunny,80000,0.4865,0.6131,1317.89,0,0.5874
55,FOOD_S,LUNCH,cloudy,100000,0.6043,0.794,296.99,1,0.8292
55,MERCH,PRACTICE,sunny,150000,0.9495,0.1431,609.97,0,0.9821
55,PIT_WALK,QUALIFYING,sunny,150000,0.7472,0.6463,1442.55,1,0.9901
56,GS_A,RACE,sunny,80000,0.8296,0.9568,1080.43,0,0.9577
56,GS_B,RACE,sunny,120000,0.2774,0.1292,1216.03,0,0.3268
56,GS_C,PRACTICE,cloudy,100000,0.1952,0.2407,895.79,1,0.3678
56,FAN_ZONE,PIT_LANE_WALK,sunny,60000,0.5014,0.8731,395.83,1,0.7456
56,FOOD_N,RACE,rain,60000,0.8499,0.8481,587.64,0,0.9604
56,FOOD_S,EXIT_RUSH,rain,150000,0.1648,0.7641,1212.77,0,0.3256
56,MERCH,PIT_LANE_WALK,sunny,120000,0.3484,0.3545,794.83,0,0.4327
56,PIT_WALK,LUNCH,cloudy,80000,0.2655,0.9964,236.52,0,0.3888
57,GS_A,PRACTICE,rain,100000,0.4836,0.4687,627.4,0,0.5573
57,GS_B,PRACTICE,rain,100000,0.2105,0.6897,1411.0,0,0.3298
57,GS_C,EXIT_RUSH,sunny,60000,0.302,1.1292,643.0,0,0.4742
57,FAN_ZONE,PRACTICE,cloudy,150000,0.7344,0.5692,1269.81,0,0.831
57,FOOD_N,RACE,sunny,120000,0.8522,0.4975,596.75,0,0.9198
57,FOOD_S,PODIUM,cloudy,80000,0.2309,0.6012,480.57,0,0.327
57,MERCH,PRACTICE,heavy_rain,120000,0.7525,0.3794,510.8,0,0.8233
57,PIT_WALK,QUALIFYING,cloudy,150000,0.5862,0.6339,1271.15,0,0.7044
58,GS_A,PRACTICE,cloudy,150000,0.8067,0.4194,1444.69,0,0.8936
58,GS_B,LUNCH,rain,80000,0.1042,0.6806,671.15,0,0.2154
58,GS_C,RACE,cloudy,60000,0.5054,0.8338,825.43,1,0.7351
58,FAN_ZONE,PRACTICE,sunny,100000,0.2802,0.8096,921.76,0,0.3888
58,FOOD_N,PRACTICE,rain,100000,0.4838,0.8634,908.52,0,0.6054
58,FOOD_S,QUALIFYING,rain,120000,0.3429,0.3,23.66,0,0.3966
58,MERCH,PODIUM,heavy_rain,100000,0.7428,0.8768,935.66,1,1.0161
58,PIT_WALK,PODIUM,heavy_rain,150000,0.8057,0.8059,1139.24,0,0.9581
59,GS_A,QUALIFYING,cloudy,100000,0.3512,0.6888,549.27,0,0.4532
59,GS_B,PIT_LANE_WALK,cloudy,80000,0.5805,0.4238,1158.45,0,0.6843
59,GS_C,LUNCH,rain,120000,0.1921,1.0231,1210.62,0,0.3537
59,FAN_ZONE,QUALIFYING,sunny,80000,0.4436,0.7158,1406.29,1,0.6924
59,FOOD_N,PRACTICE,heavy_rain,80000,0.4383,0.2295,1145.69,0,0.5132
59,FOOD_S,RACE,cloudy,150000,0.3631,1.1373,1086.6,0,0.511
59,MERCH,RACE,cloudy,100000,0.8717,0.8152,1347.78,0,0.9952
59,PIT_WALK,PODIUM,sunny,150000,0.8038,1.087,1440.03,0,0.9757
60,GS_A,EXIT_RUSH,cloudy,150000,0.6185,0.4755,823.88,1,0.8524
60,GS_B,PODIUM,rain,150000,0.7486,0.699,219.92,0,0.8531
60,GS_C,PRACTICE,cloudy,150000,0.4251,0.5161,610.39,0,0.4966
60,FAN_ZONE,PODIUM,cloudy,150000,0.5096,0.5685,1008.02,0,0.6183
60,FOOD_N,PRACTICE,rain,100000,0.3666,0.4705,1385.74,0,0.4633
60,FOOD_S,EXIT_RUSH,rain,60000,0.4389,0.2638,881.42,0,0.5397
60,MERCH,EXIT_RUSH,cloudy,60000,0.8264,1.0158,246.37,0,0.977
60,PIT_WALK,QUALIFYING,sunny,60000,0.6676,0.6653,900.59,0,0.7761
61,GS_A,PRACTICE,sunny,150000,0.8087,0.9396,755.85,0,0.9253
61,GS_B,PRACTICE,sunny,150000,0.3846,1.1664,1281.67,1,0.6597
61,GS_C,PODIUM,sunny,60000,0.1476,0.8131,120.16,0,0.2525
61,FAN_ZONE,RACE,cloudy,120000,0.4852,0.951,1294.35,1,0.7407
61,FOOD_N,PODIUM,rain,60000,0.6329,0.1553,552.54,0,0.693
61,FOOD_S,QUALIFYING,cloudy,120000,0.8614,0.5847,898.25,0,0.9634
61,MERCH,QUALIFYING,cloudy,100000,0.8526,0.8986,1144.45,0,0.9934
61,PIT_WALK,QUALIFYING,heavy_rain,60000,0.1165,0.9785,1118.79,1,0.4006
62,GS_A,PRACTICE,rain,120000,0.9347,0.722,1398.73,0,1.0568
62,GS_B,LUNCH,cloudy,120000,0.8961,0.8421,394.2,0,1.0087
62,GS_C,PIT_LANE_WALK,rain,80000,0.2973,1.131,1431.29,0,0.4863
62,FAN_ZONE,RACE,sunny,60000,0.393,1.1571,163.07,1,0.6336
62,FOOD_N,PODIUM,sunny,150000,0.2742,1.1957,1361.46,0,0.4546
62,FOOD_S,QUALIFYING,cloudy,80000,0.2389,0.5178,328.31,0,0.3171
62,MERCH,QUALIFYING,sunny,80000,0.4976,0.7007,1464.65,0,0.6266
62,PIT_WALK,PIT_LANE_WALK,rain,80000,0.4804,1.0805,817.78,0,0.646
63,GS_A,QUALIFYING,rain,60000,0.8349,0.4553,211.28,0,0.9097
63,GS_B,QUALIFYING,cloudy,60000,0.4665,0.4132,79.35,0,0.5268
63,GS_C,QUALIFYING,heavy_rain,80000,0.4386,0.6876,1391.53,0,0.5817
63,FAN_ZONE,QUALIFYING,cloudy,80000,0.1639,1.0174,958.59,0,0.311
63,FOOD_N,RACE,rain,150000,0.3219,1.1236,629.8,1,0.5812
63,FOOD_S,LUNCH,cloudy,150000,0.4722,0.9337,1299.88,0,0.6212
63,MERCH,PRACTICE,rain,150000,0.2506,0.8497,477.66,0,0.3579
63,PIT_WALK,EXIT_RUSH,heavy_rain,60000,0.7377,1.1557,34.38,1,1.0319
64,GS_A,QUALIFYING,cloudy,150000,0.4855,0.8701,603.99,1,0.7273
64,GS_B,PIT_LANE_WALK,sunny,150000,0.7629,0.2612,1188.61,1,0.9697
64,GS_C,LUNCH,rain,80000,0.2221,0.8248,256.41,0,0.3353
64,FAN_ZONE,PIT_LANE_WALK,sunny,150000,0.1733,0.5327,1310.18,0,0.2908
64,FOOD_N,QUALIFYING,cloudy,150000,0.9405,1.1308,1030.12,0,1.1011
64,FOOD_S,RACE,cloudy,150000,0.6536,1.1308,109.13,0,0.7716
64,MERCH,PRACTICE,rain,120000,0.4382,0.6024,891.26,0,0.5332
64,PIT_WALK,EXIT_RUSH,sunny,80000,0.6299,0.696,1175.02,0,0.7748
65,GS_A,PRACTICE,cloudy,150000,0.8584,0.1416,496.32,1,1.009
65,GS_B,PODIUM,cloudy,150000,0.7092,0.3758,1453.6,0,0.812
65,GS_C,PODIUM,sunny,100000,0.3871,0.909,768.31,0,0.521
65,FAN_ZONE,EXIT_RUSH,sunny,60000,0.3948,0.7887,761.3,1,0.6565
65,FOOD_N,QUALIFYING,heavy_rain,120000,0.4034,0.2969,1342.79,1,0.626
65,FOOD_S,PRACTICE,heavy_rain,120000,0.2666,0.946,985.09,0,0.4083
65,MERCH,PODIUM,heavy_rain,150000,0.7632,1.1599,95.22,1,1.0397
65,PIT_WALK,RACE,heavy_rain,80000,0.5524,0.5229,224.88,1,0.749
66,GS_A,LUNCH,heavy_rain,150000,0.8115,0.2424,774.18,0,0.8916
66,GS_B,LUNCH,cloudy,60000,0.3705,0.6768,597.89,0,0.4727
66,GS_C,EXIT_RUSH,rain,120000,0.6912,1.0713,995.36,1,0.9962
66,FAN_ZONE,PRACTICE,sunny,80000,0.7185,0.4651,684.95,0,0.7856
66,FOOD_N,PIT_LANE_WALK,rain,100000,0.3377,0.6959,1167.57,0,0.4753
66,FOOD_S,QUALIFYING,cloudy,100000,0.2552,0.6759,691.03,0,0.3601
66,MERCH,LUNCH,cloudy,120000,0.8025,0.7725,278.53,0,0.9047
66,PIT_WALK,RACE,sunny,120000,0.8058,0.3444,1410.91,0,0.8825
67,GS_A,PIT_LANE_WALK,cloudy,120000,0.2398,0.1876,1020.79,0,0.3157
67,GS_B,RACE,cloudy,150000,0.2512,1.1395,583.61,1,0.5043
67,GS_C,RACE,rain,80000,0.2884,0.8641,514.99,0,0.3983
67,FAN_ZONE,PODIUM,heavy_rain,100000,0.8314,1.1335,159.32,0,0.9871
67,FOOD_N,QUALIFYING,rain,150000,0.1218,0.8104,778.4,0,0.2492
67,FOOD_S,EXIT_RUSH,rain,60000,0.3724,0.6365,1020.15,0,0.5146
67,MERCH,PODIUM,sunny,120000,0.265,0.7909,179.97,0,0.3695
67,PIT_WALK,EXIT_RUSH,rain,100000,0.6092,0.2813,298.72,0,0.6942
68,GS_A,QUALIFYING,rain,100000,0.7744,0.1946,546.34,0,0.8333
68,GS_B,LUNCH,sunny,80000,0.3496,0.2183,1241.4,0,0.4237
68,GS_C,QUALIFYING,sunny,120000,0.4112,1.0747,1226.31,0,0.5705
68,FAN_ZONE,RACE,rain,60000,0.4802,0.4491,24.09,0,0.5339
68,FOOD_N,EXIT_RUSH,rain,120000,0.341,0.9467,130.71,0,0.4876
68,FOOD_S,PODIUM,heavy_rain,150000,0.4255,0.6821,1496.39,0,0.5762
68,MERCH,PIT_LANE_WALK,rain,80000,0.7226,0.2448,717.02,0,0.8016
68,PIT_WALK,PIT_LANE_WALK,heavy_rain,80000,0.818,0.6795,1284.68,0,0.9671
69,GS_A,EXIT_RUSH,heavy_rain,60000,0.8949,0.7131,1369.34,1,1.1849
69,GS_B,QUALIFYING,heavy_rain,100000,0.9122,1.0504,875.35,1,1.1961
69,GS_C,PIT_LANE_WALK,rain,150000,0.3539,0.2843,739.07,0,0.4375
69,FAN_ZONE,PIT_LANE_WALK,rain,80000,0.6373,0.9062,632.95,0,0.78
69,FOOD_N,PRACTICE,sunny,100000,0.5267,0.435,921.57,1,0.7179
69,FOOD_S,PRACTICE,sunny,100000,0.1216,1.1258,9.39,0,0.2345
69,MERCH,LUNCH,sunny,80000,0.4166,0.3525,971.01,0,0.496
69,PIT_WALK,PRACTICE,rain,60000,0.6463,1.0084,1486.8,0,0.7997
70,GS_A,RACE,cloudy,150000,0.2771,0.4564,720.79,1,0.466
70,GS_B,PIT_LANE_WALK,heavy_rain,150000,0.7274,0.8502,425.86,1,0.9878
70,GS_C,EXIT_RUSH,cloudy,120000,0.627,0.8884,216.11,1,0.8839
70,FAN_ZONE,PIT_LANE_WALK,heavy_rain,60000,0.864,0.9677,1079.04,0,1.0358
70,FOOD_N,PODIUM,cloudy,100000,0.2103,1.0306,1477.18,0,0.3792
70,FOOD_S,EXIT_RUSH,cloudy,80000,0.2778,1.1546,788.74,0,0.4585
70,MERCH,LUNCH,sunny,150000,0.2619,0.1692,300.27,0,0.3028
70,PIT_WALK,PRACTICE,cloudy,100000,0.1787,0.5149,12.17,1,0.3522
71,GS_A,PIT_LANE_WALK,sunny,120000,0.5161,0.3244,829.12,0,0.5984
71,GS_B,LUNCH,cloudy,120000,0.4434,0.8768,997.74,0,0.5776
71,GS_C,RACE,rain,80000,0.4946,0.3864,1459.94,1,0.7051
71,FAN_ZONE,PIT_LANE_WALK,cloudy,150000,0.4221,1.049,1413.21,0,0.596
71,FOOD_N,QUALIFYING,cloudy,120000,0.7942,1.0404,1112.85,0,0.9482
71,FOOD_S,PRACTICE,heavy_rain,60000,0.1451,1.0559,1077.43,0,0.3006
71,MERCH,PODIUM,cloudy,60000,0.4886,0.3366,664.35,0,0.5638
71,PIT_WALK,RACE,cloudy,80000,0.3769,0.2898,864.97,1,0.5535
72,GS_A,PODIUM,sunny,80000,0.912,0.9061,1199.1,0,1.0586
72,GS_B,PIT_LANE_WALK,rain,150000,0.5702,0.2583,1345.06,0,0.6693
72,GS_C,PIT_LANE_WALK,rain,60000,0.8273,0.6942,480.31,1,1.0642
72,FAN_ZONE,QUALIFYING,cloudy,120000,0.5157,0.8091,1105.67,0,0.6464
72,FOOD_N,PIT_LANE_WALK,rain,150000,0.3464,1.1361,856.57,1,0.6387
72,FOOD_S,RACE,heavy_rain,80000,0.7082,0.2281,1339.91,0,0.7888
72,MERCH,PIT_LANE_WALK,cloudy,150000,0.5854,0.5842,243.13,1,0.7977
72,PIT_WALK,PODIUM,rain,150000,0.8741,0.8906,321.36,0,1.0008
73,GS_A,LUNCH,cloudy,60000,0.9086,1.1404,778.42,0,1.0625
73,GS_B,PODIUM,sunny,80000,0.2145,0.5007,1093.8,0,0.3174
73,GS_C,QUALIFYING,heavy_rain,100000,0.132,0.1489,1141.5,1,0.3337
73,FAN_ZONE,PIT_LANE_WALK,rain,80000,0.6811,0.8627,1083.07,0,0.8328
73,FOOD_N,EXIT_RUSH,sunny,60000,0.6418,0.5338,91.32,0,0.7379
73,FOOD_S,PODIUM,sunny,60000,0.3364,0.4323,1383.82,0,0.4412
73,MERCH,LUNCH,sunny,80000,0.4912,0.4816,1307.74,0,0.5936
73,PIT_WALK,RACE,rain,60000,0.6465,0.2842,1390.29,0,0.7246
74,GS_A,PODIUM,cloudy,150000,0.3574,0.6258,980.63,0,0.471
74,GS_B,QUALIFYING,sunny,150000,0.7998,1.1028,864.82,0,0.951
74,GS_C,QUALIFYING,sunny,80000,0.5249,0.7696,172.76,0,0.622
74,FAN_ZONE,PODIUM,heavy_rain,120000,0.1982,0.2731,1300.1,1,0.4221
74,FOOD_N,EXIT_RUSH,sunny,60000,0.7398,0.2536,172.75,0,0.8103
74,FOOD_S,PRACTICE,sunny,120000,0.4252,0.215,1369.93,0,0.4878
74,MERCH,RACE,heavy_rain,80000,0.2156,0.4772,1113.87,0,0.3143
74,PIT_WALK,PIT_LANE_WALK,cloudy,120000,0.8867,0.9215,321.13,1,1.135
75,GS_A,QUALIFYING,rain,80000,0.3867,0.6898,990.51,0,0.5084
75,GS_B,PIT_LANE_WALK,sunny,150000,0.7497,0.4102,150.69,1,0.9403
75,GS_C,PODIUM,rain,80000,0.2195,0.4709,13.11,0,0.295
75,FAN_ZONE,EXIT_RUSH,cloudy,100000,0.6069,0.5131,25.67,0,0.7006
75,FOOD_N,PODIUM,sunny,150000,0.7133,1.0236,99.03,0,0.8387
75,FOOD_S,QUALIFYING,sunny,80000,0.6068,0.241,1041.84,0,0.6771
75,MERCH,QUALIFYING,rain,150000,0.9236,0.2305,413.19,0,0.982
75,PIT_WALK,LUNCH,sunny,60000,0.4117,0.4376,1386.03,0,0.512
76,GS_A,QUALIFYING,sunny,60000,0.8549,0.9564,38.47,1,1.0867
76,GS_B,QUALIFYING,rain,80000,0.4075,0.2781,346.21,0,0.4688
76,GS_C,PRACTICE,heavy_rain,150000,0.6092,0.1677,1078.26,1,0.7959
76,FAN_ZONE,PIT_LANE_WALK,sunny,100000,0.119,0.351,189.72,0,0.1848
76,FOOD_N,PODIUM,sunny,100000,0.3219,1.0505,1241.65,0,0.4842
76,FOOD_S,PIT_LANE_WALK,heavy_rain,150000,0.1275,0.1645,25.29,1,0.3073
76,MERCH,EXIT_RUSH,rain,100000,0.8771,0.8038,552.85,0,1.022
76,PIT_WALK,PIT_LANE_WALK,rain,80000,0.4764,0.8448,1497.06,1,0.7588
77,GS_A,LUNCH,rain,120000,0.9039,0.3764,1262.37,1,1.1224
77,GS_B,PRACTICE,sunny,80000,0.1023,0.1485,89.1,0,0.1198
77,GS_C,RACE,cloudy,120000,0.1226,1.1026,1188.79,0,0.2702
77,FAN_ZONE,LUNCH,heavy_rain,150000,0.4388,0.9398,134.97,0,0.5695
77,FOOD_N,PIT_LANE_WALK,heavy_rain,80000,0.1112,0.2072,1090.14,0,0.2072
77,FOOD_S,PIT_LANE_WALK,sunny,60000,0.6038,1.0553,162.27,1,0.8592
77,MERCH,LUNCH,sunny,80000,0.2662,0.1467,679.44,1,0.4362
77,PIT_WALK,PIT_LANE_WALK,rain,120000,0.3823,1.1657,1219.5,0,0.5685
78,GS_A,PODIUM,cloudy,60000,0.3552,0.9811,262.47,0,0.4828
78,GS_B,RACE,rain,120000,0.5804,0.2999,797.54,1,0.7623
78,GS_C,LUNCH,sunny,100000,0.6979,0.7558,744.26,0,0.8108
78,FAN_ZONE,LUNCH,heavy_rain,120000,0.2691,0.8382,1308.25,0,0.4248
78,FOOD_N,QUALIFYING,cloudy,100000,0.8837,1.0222,1334.45,0,1.0425
78,FOOD_S,PODIUM,heavy_rain,60000,0.5974,0.6771,1246.04,0,0.7401
78,MERCH,PRACTICE,rain,150000,0.1489,0.3926,622.21,0,0.2149
78,PIT_WALK,QUALIFYING,heavy_rain,60000,0.1212,0.1746,174.72,1,0.2965
79,GS_A,PIT_LANE_WALK,cloudy,150000,0.8768,0.1411,1123.53,0,0.9513
79,GS_B,PIT_LANE_WALK,sunny,80000,0.7437,1.0437,946.61,0,0.9015
79,GS_C,LUNCH,sunny,150000,0.6676,0.8785,475.0,0,0.7847
79,FAN_ZONE,PODIUM,heavy_rain,150000,0.6175,0.1417,884.47,1,0.8158
79,FOOD_N,PRACTICE,cloudy,150000,0.5498,0.6421,335.52,1,0.7457
79,FOOD_S,RACE,rain,120000,0.4732,0.2323,621.86,0,0.5231
79,MERCH,QUALIFYING,rain,120000,0.8719,1.151,222.66,0,1.0166
79,PIT_WALK,LUNCH,rain,80000,0.5079,0.3928,349.95,1,0.7007
80,GS_A,RACE,rain,150000,0.2793,0.8578,773.08,0,0.3963
80,GS_B,PIT_LANE_WALK,cloudy,80000,0.4792,0.1161,1067.23,1,0.6694
80,GS_C,EXIT_RUSH,cloudy,60000,0.1224,0.614,773.36,0,0.2486
80,FAN_ZONE,PODIUM,sunny,60000,0.4491,1.0251,991.13,0,0.6014
80,FOOD_N,EXIT_RUSH,sunny,100000,0.8222,1.0921,818.62,0,0.9959
80,FOOD_S,RACE,heavy_rain,60000,0.6817,0.926,857.34,0,0.8176
80,MERCH,EXIT_RUSH,rain,60000,0.171,0.5889,33.62,0,0.2789
80,PIT_WALK,PIT_LANE_WALK,cloudy,60000,0.9249,1.1209,1341.25,0,1.1039
81,GS_A,RACE,cloudy,150000,0.4836,1.0682,534.08,1,0.728
81,GS_B,PRACTICE,sunny,150000,0.4177,1.1258,808.65,0,0.5546
81,GS_C,PRACTICE,cloudy,120000,0.1398,0.6217,709.91,0,0.2249
81,FAN_ZONE,EXIT_RUSH,sunny,150000,0.5789,0.4295,604.84,0,0.68
81,FOOD_N,EXIT_RUSH,cloudy,150000,0.8573,0.8418,885.64,1,1.1297
81,FOOD_S,QUALIFYING,heavy_rain,100000,0.8682,0.2655,1089.31,0,0.9601
81,MERCH,PIT_LANE_WALK,sunny,60000,0.1367,0.4901,1070.07,1,0.3628
81,PIT_WALK,PODIUM,cloudy,120000,0.4014,0.1484,1349.38,0,0.4783
82,GS_A,RACE,cloudy,120000,0.3415,1.0831,1036.4,0,0.4825
82,GS_B,EXIT_RUSH,heavy_rain,100000,0.4009,0.9569,690.36,0,0.5749
82,GS_C,PODIUM,rain,120000,0.644,1.0732,1389.34,1,0.941
82,FAN_ZONE,QUALIFYING,sunny,120000,0.5648,0.8924,1403.33,0,0.7111
82,FOOD_N,LUNCH,rain,120000,0.5349,0.2669,665.92,0,0.6046
82,FOOD_S,EXIT_RUSH,cloudy,100000,0.221,1.1793,533.36,1,0.5165
82,MERCH,RACE,cloudy,150000,0.5612,0.2376,753.8,0,0.6092
82,PIT_WALK,PRACTICE,heavy_rain,100000,0.4401,0.8664,341.93,0,0.5546
83,GS_A,RACE,heavy_rain,120000,0.4359,0.2665,1481.28,0,0.5246
83,GS_B,PRACTICE,cloudy,150000,0.1187,1.0163,133.77,0,0.226
83,GS_C,PODIUM,cloudy,120000,0.8617,1.1936,372.43,0,1.0138
83,FAN_ZONE,PRACTICE,rain,80000,0.1918,0.3347,1079.57,0,0.2656
83,FOOD_N,PRACTICE,heavy_rain,60000,0.1372,0.38,834.44,0,0.2179
83,FOOD_S,EXIT_RUSH,rain,80000,0.8735,0.4963,1434.22,1,1.1342
83,MERCH,PODIUM,sunny,100000,0.3229,0.7779,643.38,0,0.4399
83,PIT_WALK,EXIT_RUSH,sunny,120000,0.3326,0.9665,624.59,1,0.6079
84,GS_A,RACE,cloudy,150000,0.8621,1.1245,98.0,0,0.9791
84,GS_B,RACE,sunny,120000,0.5575,0.9283,945.73,1,0.7987
84,GS_C,QUALIFYING,rain,150000,0.8083,0.26,407.25,1,0.9895
84,FAN_ZONE,PIT_LANE_WALK,cloudy,120000,0.8206,0.215,339.71,1,0.9989
84,FOOD_N,RACE,cloudy,150000,0.9051,0.7005,924.7,1,1.1245
84,FOOD_S,RACE,rain,100000,0.5671,0.4428,760.08,0,0.6422
84,MERCH,PODIUM,sunny,60000,0.3892,0.3873,470.33,0,0.4621
84,PIT_WALK,PRACTICE,heavy_rain,80000,0.6216,0.8946,1019.28,0,0.7593
85,GS_A,PIT_LANE_WALK,sunny,120000,0.6924,0.5196,1042.15,0,0.8007
85,GS_B,EXIT_RUSH,heavy_rain,120000,0.1668,0.851,92.8,0,0.3123
85,GS_C,LUNCH,sunny,100000,0.3672,0.5519,1064.03,0,0.4693
85,FAN_ZONE,PRACTICE,sunny,80000,0.4165,0.1614,728.26,0,0.4545
85,FOOD_N,PRACTICE,rain,120000,0.3539,1.1684,375.33,1,0.61
85,FOOD_S,EXIT_RUSH,heavy_rain,120000,0.68,0.4014,1354.54,1,0.9384
85,MERCH,LUNCH,sunny,100000,0.4489,0.4596,653.71,0,0.5295
85,PIT_WALK,PIT_LANE_WALK,sunny,100000,0.4601,0.5006,1134.4,1,0.6891
86,GS_A,RACE,sunny,80000,0.7528,1.1612,288.43,1,0.9976
86,GS_B,QUALIFYING,heavy_rain,80000,0.3061,0.9605,387.13,0,0.4464
86,GS_C,PRACTICE,heavy_rain,150000,0.7549,0.4702,433.79,0,0.8325
86,FAN_ZONE,PODIUM,heavy_rain,80000,0.617,0.3518,80.55,0,0.6922
86,FOOD_N,EXIT_RUSH,heavy_rain,120000,0.2007,0.2674,271.57,1,0.4131
86,FOOD_S,EXIT_RUSH,rain,120000,0.6899,0.6213,601.85,0,0.818
86,MERCH,PRACTICE,sunny,150000,0.1236,0.187,421.4,0,0.1549
86,PIT_WALK,PODIUM,heavy_rain,60000,0.793,0.3763,1195.32,0,0.9041
87,GS_A,QUALIFYING,heavy_rain,120000,0.7464,1.1774,22.52,1,1.0174
87,GS_B,LUNCH,rain,60000,0.9429,0.2406,1311.93,1,1.1493
87,GS_C,PODIUM,heavy_rain,80000,0.8913,0.4005,202.37,0,0.9751
87,FAN_ZONE,PRACTICE,cloudy,80000,0.6428,0.5675,220.91,0,0.7078
87,FOOD_N,QUALIFYING,rain,120000,0.5494,0.3517,1139.58,0,0.6418
87,FOOD_S,EXIT_RUSH,sunny,150000,0.3939,0.7476,578.8,1,0.646
87,MERCH,PIT_LANE_WALK,cloudy,80000,0.3978,1.0009,253.21,0,0.5321
87,PIT_WALK,RACE,rain,100000,0.2049,0.7132,1126.77,0,0.318
88,GS_A,PRACTICE,heavy_rain,100000,0.7774,1.1779,402.53,0,0.9248
88,GS_B,PODIUM,cloudy,60000,0.6549,0.4137,700.84,0,0.7389
88,GS_C,PODIUM,heavy_rain,150000,0.1947,1.1389,231.25,0,0.3531
88,FAN_ZONE,PODIUM,sunny,120000,0.6226,0.9101,1465.73,1,0.8975
88,FOOD_N,PODIUM,rain,120000,0.866,0.538,309.42,0,0.9571
88,FOOD_S,RACE,heavy_rain,60000,0.2443,0.3108,1248.91,0,0.3304
88,MERCH,RACE,sunny,150000,0.8631,0.489,18.92,0,0.9125
88,PIT_WALK,PIT_LANE_WALK,rain,60000,0.7664,1.1585,1240.05,0,0.9525
89,GS_A,PIT_LANE_WALK,cloudy,150000,0.4286,1.1938,1468.29,0,0.6186
89,GS_B,PIT_LANE_WALK,sunny,60000,0.8597,0.4641,344.28,0,0.9415
89,GS_C,QUALIFYING,rain,120000,0.5375,0.8867,594.51,0,0.667
89,FAN_ZONE,PODIUM,rain,100000,0.3935,0.2895,381.15,0,0.4619
89,FOOD_N,RACE,rain,120000,0.4634,1.0084,315.4,0,0.5817
89,FOOD_S,RACE,sunny,100000,0.6124,0.3392,1056.87,0,0.678
89,MERCH,QUALIFYING,rain,150000,0.3048,0.7553,220.63,1,0.5299
89,PIT_WALK,RACE,cloudy,100000,0.5827,0.5681,879.49,0,0.6675
90,GS_A,LUNCH,heavy_rain,100000,0.9442,0.446,868.16,0,1.0475
90,GS_B,LUNCH,sunny,150000,0.8138,0.8491,380.69,0,0.9251
90,GS_C,LUNCH,rain,80000,0.5594,1.1599,1065.71,0,0.7303
90,FAN_ZONE,LUNCH,cloudy,150000,0.8069,0.8136,888.59,0,0.9315
90,FOOD_N,PODIUM,heavy_rain,120000,0.7735,0.266,169.09,0,0.8428
90,FOOD_S,LUNCH,cloudy,150000,0.882,0.2728,1322.35,0,0.9655
90,MERCH,PRACTICE,sunny,80000,0.5735,0.3333,218.56,0,0.6134
90,PIT_WALK,PODIUM,heavy_rain,120000,0.2955,1.0779,24.42,1,0.5616
91,GS_A,EXIT_RUSH,heavy_rain,60000,0.4225,0.1498,44.7,1,0.6164
91,GS_B,PIT_LANE_WALK,heavy_rain,100000,0.1095,0.192,443.21,0,0.1846
91,GS_C,PIT_LANE_WALK,rain,60000,0.1525,0.897,1346.61,0,0.3155
91,FAN_ZONE,PIT_LANE_WALK,heavy_rain,80000,0.6012,0.9306,1179.25,0,0.7722
91,FOOD_N,PIT_LANE_WALK,sunny,60000,0.3676,0.5495,1473.66,0,0.4918
91,FOOD_S,EXIT_RUSH,heavy_rain,60000,0.2688,0.9504,25.35,0,0.4222
91,MERCH,PODIUM,heavy_rain,60000,0.4145,0.9971,1415.19,1,0.7143
91,PIT_WALK,QUALIFYING,heavy_rain,100000,0.3817,1.0932,69.12,1,0.6457
92,GS_A,PIT_LANE_WALK,rain,60000,0.1782,0.1143,970.96,0,0.2518
92,GS_B,PIT_LANE_WALK,sunny,150000,0.6985,1.081,1413.89,1,0.994
92,GS_C,RACE,rain,60000,0.3753,0.5387,1226.92,1,0.594
92,FAN_ZONE,EXIT_RUSH,cloudy,120000,0.5444,0.1165,1159.51,1,0.7524
92,FOOD_N,RACE,heavy_rain,120000,0.566,0.4236,211.24,0,0.6323
92,FOOD_S,RACE,heavy_rain,120000,0.6159,0.9634,791.93,0,0.7536
92,MERCH,EXIT_RUSH,sunny,60000,0.5498,0.8503,961.26,0,0.7036
92,PIT_WALK,QUALIFYING,sunny,120000,0.4153,0.7505,270.92,1,0.6335
93,GS_A,PRACTICE,cloudy,100000,0.1199,0.7542,189.76,1,0.3226
93,GS_B,RACE,cloudy,60000,0.4864,1.1597,782.96,1,0.7474
93,GS_C,EXIT_RUSH,rain,60000,0.3573,0.1865,1282.17,0,0.4624
93,FAN_ZONE,PRACTICE,heavy_rain,120000,0.7664,0.4973,765.75,1,0.9767
93,FOOD_N,QUALIFYING,rain,150000,0.3472,0.1992,1121.93,1,0.5438
93,FOOD_S,EXIT_RUSH,cloudy,60000,0.2571,0.1821,812.72,0,0.3413
93,MERCH,QUALIFYING,rain,80000,0.6173,0.7514,1409.95,0,0.7577
93,PIT_WALK,RACE,sunny,60000,0.2198,1.1373,501.4,1,0.4686
94,GS_A,PIT_LANE_WALK,rain,80000,0.7895,1.0698,1370.12,0,0.9706
94,GS_B,PIT_LANE_WALK,heavy_rain,100000,0.1895,0.7089,1021.52,0,0.3336
94,GS_C,RACE,cloudy,100000,0.4699,0.6564,4.33,0,0.5372
94,FAN_ZONE,PODIUM,sunny,120000,0.5224,0.1001,861.78,0,0.5783
94,FOOD_N,PIT_LANE_WALK,sunny,80000,0.2866,0.8745,513.26,1,0.5345
94,FOOD_S,QUALIFYING,cloudy,150000,0.2796,0.2496,1271.43,0,0.3593
94,MERCH,PIT_LANE_WALK,sunny,60000,0.6194,1.0762,1328.22,0,0.7918
94,PIT_WALK,RACE,cloudy,100000,0.5127,0.8171,1368.62,0,0.637
95,GS_A,QUALIFYING,sunny,150000,0.7095,0.3644,204.37,1,0.8871
95,GS_B,QUALIFYING,sunny,100000,0.8856,0.9743,559.71,0,1.0148
95,GS_C,PRACTICE,sunny,150000,0.9015,0.8056,1129.59,0,1.016
95,FAN_ZONE,QUALIFYING,sunny,100000,0.416,0.1011,267.0,0,0.4492
95,FOOD_N,PODIUM,rain,120000,0.258,0.189,1320.17,0,0.3445
95,FOOD_S,PRACTICE,heavy_rain,120000,0.1453,0.7265,299.41,0,0.2445
95,MERCH,QUALIFYING,rain,150000,0.6046,0.8485,6.91,0,0.7127
95,PIT_WALK,PODIUM,rain,80000,0.5879,0.4435,1067.06,0,0.6923
96,GS_A,RACE,cloudy,100000,0.7778,0.6741,619.81,1,0.9854
96,GS_B,EXIT_RUSH,sunny,60000,0.2118,0.3828,1434.82,1,0.4531
96,GS_C,LUNCH,heavy_rain,100000,0.9154,0.9723,772.01,0,1.0684
96,FAN_ZONE,PODIUM,sunny,100000,0.7893,0.1909,1352.54,0,0.869
96,FOOD_N,PODIUM,heavy_rain,80000,0.3824,0.2691,1162.02,0,0.4818
96,FOOD_S,EXIT_RUSH,rain,100000,0.1584,1.0816,320.0,1,0.4442
96,MERCH,EXIT_RUSH,cloudy,150000,0.5454,1.0694,362.93,1,0.8248
96,PIT_WALK,QUALIFYING,sunny,120000,0.1514,1.0482,1468.52,1,0.4353
97,GS_A,PIT_LANE_WALK,rain,150000,0.2647,0.7027,1484.59,0,0.4125
97,GS_B,QUALIFYING,rain,80000,0.3581,0.2946,1200.3,1,0.5666
97,GS_C,EXIT_RUSH,heavy_rain,60000,0.5592,0.4639,79.61,0,0.6655
97,FAN_ZONE,PRACTICE,rain,80000,0.4345,0.5939,503.35,1,0.6369
97,FOOD_N,RACE,sunny,100000,0.2751,0.301,1236.98,0,0.3423
97,FOOD_S,PODIUM,sunny,80000,0.1911,0.6427,1049.76,0,0.3068
97,MERCH,EXIT_RUSH,heavy_rain,150000,0.1848,0.1917,150.18,0,0.266
97,PIT_WALK,PIT_LANE_WALK,heavy_rain,60000,0.9383,0.121,492.8,1,1.1278
98,GS_A,QUALIFYING,rain,100000,0.6837,0.2949,950.77,0,0.7647
98,GS_B,PRACTICE,cloudy,60000,0.7949,1.1254,1047.95,0,0.9405
98,GS_C,EXIT_RUSH,rain,60000,0.6668,0.3005,1351.68,0,0.7854
98,FAN_ZONE,PRACTICE,sunny,60000,0.2342,0.5594,1218.68,0,0.3267
98,FOOD_N,PIT_LANE_WALK,rain,150000,0.3867,1.0491,1395.75,1,0.6865
98,FOOD_S,EXIT_RUSH,heavy_rain,120000,0.3888,0.5819,65.74,0,0.5066
98,MERCH,RACE,sunny,150000,0.6986,1.029,695.54,0,0.8223
98,PIT_WALK,PODIUM,sunny,60000,0.673,0.8083,1370.18,0,0.8149
99,GS_A,LUNCH,rain,80000,0.9352,0.4166,1016.31,0,1.0303
99,GS_B,PIT_LANE_WALK,cloudy,80000,0.6865,0.7369,4.51,0,0.7869
99,GS_C,EXIT_RUSH,rain,60000,0.4641,0.6571,1048.09,0,0.6093
99,FAN_ZONE,LUNCH,rain,150000,0.5613,0.7895,1364.79,0,0.7042
99,FOOD_N,PIT_LANE_WALK,rain,60000,0.4053,0.936,365.45,0,0.5429
99,FOOD_S,QUALIFYING,sunny,120000,0.4071,0.1777,88.99,0,0.4426
99,MERCH,RACE,sunny,150000,0.5855,1.1372,1363.25,0,0.7401
99,PIT_WALK,EXIT_RUSH,cloudy,150000,0.4288,0.5832,394.15,1,0.6606
100,GS_A,LUNCH,cloudy,100000,0.327,0.8482,1074.98,0,0.4607
100,GS_B,LUNCH,sunny,120000,0.5939,1.1595,562.45,0,0.7417
100,GS_C,LUNCH,rain,60000,0.5172,0.5147,1272.1,0,0.6298
100,FAN_ZONE,PRACTICE,heavy_rain,120000,0.2853,0.7962,1242.66,0,0.4198
100,FOOD_N,PIT_LANE_WALK,sunny,150000,0.3661,0.243,586.74,1,0.553
100,FOOD_S,PODIUM,cloudy,80000,0.3166,0.7403,941.6,0,0.4404
100,MERCH,PODIUM,sunny,120000,0.3616,1.0416,104.62,0,0.4889
100,PIT_WALK,PODIUM,heavy_rain,80000,0.8131,0.151,366.43,0,0.8768
